t_s,soc,temp_k,soh,v_term,v_ocv,current_a,p_screen,p_cpu,p_wifi,p_gps,p_net,p_load,p_charge,p_total,p_heat
0.000000000000000000e+00,1.000000000000000000e+00,2.981499999999999773e+02,5.000000000000000000e-01,3.773661019726310073e+00,4.291844779668727128e+00,5.744501564249673287e+00,2.222269035591419417e+00,1.885553261543071102e+01,1.000000000000000056e-01,5.000000000000000000e-01,9.999999662394515321e-02,2.167780236262030513e+01,0.000000000000000000e+00,2.167780163076580635e+01,2.400417571129968408e+01
5.000000000000000000e+00,9.531405394538694509e-01,3.011964585530179761e+02,4.999993628844424109e-01,3.668784982685726170e+00,4.163369899046257316e+00,5.865789800427823053e+00,2.222268919092898809e+00,1.882287215605631658e+01,1.000000000000000056e-01,5.000000000000000000e-01,9.999999138162231349e-02,2.164514288889911597e+01,0.000000000000000000e+00,2.164514102343894919e+01,2.377210026802693932e+01
1.000000000000000000e+01,9.168867535556195492e-01,3.036017282600937506e+02,4.999987389305388663e-01,3.651359662909116288e+00,4.121841177100348474e+00,5.850069651385080505e+00,2.222268715142001305e+00,1.875743395699296912e+01,1.000000000000000056e-01,5.000000000000000000e-01,9.999998220402558924e-02,2.157970640567815579e+01,0.000000000000000000e+00,2.157970256535912412e+01,2.346567062613279475e+01
1.500000000000000000e+01,8.883472633899296422e-01,3.054947863875377720e+02,4.999981288095213250e-01,3.640606331144791152e+00,4.093128711611856652e+00,5.818843349327184278e+00,2.222268410759805857e+00,1.865036169290656787e+01,1.000000000000000056e-01,5.000000000000000000e-01,9.999996850711578844e-02,2.147263667706167567e+01,0.000000000000000000e+00,2.147262991470907068e+01,2.317310244354354865e+01
2.000000000000000000e+01,8.655234546193683043e-01,3.069782259536122524e+02,4.999975314345758703e-01,3.632967072407565556e+00,4.071524098331125607e+00,5.776398728277481354e+00,2.222268005892145570e+00,1.850197389499590628e+01,1.000000000000000056e-01,5.000000000000000000e-01,9.999995028845548584e-02,2.132425220323391457e+01,0.000000000000000000e+00,2.132424160261878754e+01,2.287902965826913260e+01
2.500000000000000000e+01,8.470105883332293972e-01,3.081333590207465249e+02,4.999969459474938871e-01,3.627323535526111975e+00,4.054636045792268106e+00,5.726184137353643955e+00,2.222267510858419559e+00,1.832263137793374597e+01,1.000000000000000056e-01,5.000000000000000000e-01,9.999992801240782658e-02,2.114491367858083848e+01,0.000000000000000000e+00,2.114489845686661340e+01,2.258326041951477947e+01
3.000000000000000000e+01,8.317840680982376833e-01,3.090259529669035032e+02,4.999963714927244118e-01,3.622975490440468960e+00,4.041096906929833921e+00,5.672887295000060170e+00,2.222266941365472093e+00,1.812885563774674225e+01,1.000000000000000056e-01,5.000000000000000000e-01,9.999990238576590695e-02,2.095114244472404508e+01,0.000000000000000000e+00,2.095112199342681336e+01,2.229617347914180669e+01
3.500000000000000000e+01,8.190718692380872801e-01,3.097100403169189349e+02,4.999958070547879663e-01,3.619384940083950397e+00,4.030009250494080320e+00,5.621227012601582196e+00,2.222266313399515081e+00,1.793759002656263135e+01,1.000000000000000056e-01,5.000000000000000000e-01,9.999987412789407282e-02,2.075988171562981677e+01,0.000000000000000000e+00,2.075985558472951453e+01,2.203082653934298207e+01
4.000000000000000000e+01,8.082798724850553951e-01,3.102301948772027345e+02,4.999952514546919802e-01,3.616153499361424384e+00,4.020740223844746275e+00,5.574780613637241089e+00,2.222265639543009819e+00,1.776185250573028895e+01,1.000000000000000056e-01,5.000000000000000000e-01,9.999984380499114811e-02,2.058414935951716274e+01,0.000000000000000000e+00,2.058411720810324752e+01,2.179725232298955007e+01
4.500000000000000000e+01,7.989470536803435774e-01,3.106229253241045853e+02,4.999947034409226165e-01,3.613014673264209442e+00,4.012826670889752201e+00,5.535542715857356910e+00,2.222264927237830090e+00,1.760912190526122956e+01,1.000000000000000056e-01,5.000000000000000000e-01,9.999981175193438376e-02,2.043142416477143897e+01,0.000000000000000000e+00,2.043138570301066892e+01,2.160026918485952407e+01
5.000000000000000000e+01,7.907162031382483081e-01,3.109177132957981371e+02,4.999941617981111253e-01,3.609811015931640110e+00,4.005924043643702248e+00,5.504099535456917991e+00,2.222264178663280187e+00,1.748190373775311457e+01,1.000000000000000056e-01,5.000000000000000000e-01,9.999977806679037629e-02,2.030421164660573652e+01,0.000000000000000000e+00,2.030416658481713910e+01,2.143992338008542831e+01
5.500000000000000000e+01,7.833124795607082635e-01,3.111379714043175682e+02,4.999936254283526282e-01,3.606463825499098164e+00,3.999774853149661524e+00,5.480073023438913005e+00,2.222263391534005095e+00,1.737926053722843278e+01,1.000000000000000056e-01,5.000000000000000000e-01,9.999974264672036040e-02,2.020157437405695333e+01,0.000000000000000000e+00,2.020152238464276095e+01,2.131306303076728170e+01
6.000000000000000000e+01,7.765263181798203185e-01,3.113019941163591398e+02,4.999930933932285049e-01,3.602945072097413437e+00,3.994186922126068851e+00,5.462568046784168629e+00,2.222262560188644986e+00,1.729837224307658872e+01,1.000000000000000056e-01,5.000000000000000000e-01,9.999970523696849467e-02,2.012069234304976106e+01,0.000000000000000000e+00,2.012063303468704945e+01,2.121495639176028902e+01
6.500000000000000000e+01,7.701993536372637728e-01,3.114238757931463510e+02,4.999925649231423685e-01,3.599255998317973049e+00,3.989017345181646412e+00,5.450504616974601646e+00,2.222261676584820211e+00,1.723570605428118085e+01,1.000000000000000056e-01,5.000000000000000000e-01,9.999966547563532426e-02,2.005803282272668042e+01,0.000000000000000000e+00,2.005796572371981412e+01,2.114048357142940304e+01
7.000000000000000000e+01,7.642128545656341476e-01,3.115143492078879603e+02,4.999920394060227702e-01,3.595412725132576703e+00,3.984160300843074598e+00,5.442820161318271843e+00,2.222260731044027438e+00,1.718773572456787591e+01,1.000000000000000056e-01,5.000000000000000000e-01,9.999962292719741241e-02,2.001006964570550295e+01,0.000000000000000000e+00,2.000999419317508909e+01,2.108484137451180374e+01
7.500000000000000000e+01,7.584783850468036492e-01,3.115815121036886808e+02,4.999915163660298423e-01,3.591437428434840484e+00,3.979537728741965097e+00,5.438570583427647875e+00,2.222259712730617842e+00,1.715130654324629589e+01,1.000000000000000056e-01,5.000000000000000000e-01,9.999957710406084943e-02,1.997364818634836325e+01,0.000000000000000000e+00,1.997356371860128021e+01,2.104387184933315780e+01
8.000000000000000000e+01,7.529304161895126191e-01,3.116314305066331940e+02,4.999909954394505252e-01,3.587353361353563752e+00,3.975092228069003308e+00,5.436966266152654548e+00,2.222258609910635396e+00,1.712377085961353984e+01,1.000000000000000056e-01,5.000000000000000000e-01,9.999952747820872734e-02,1.994612088416112172e+01,0.000000000000000000e+00,1.994602663439342649e+01,2.101415297209963029e+01
8.500000000000000000e+01,7.475205877971839996e-01,3.116686236910946945e+02,4.999904763518063788e-01,3.583182304907460036e+00,3.970781690413761389e+00,5.437372011855350351e+00,2.222257410050137771e+00,1.710299538581137213e+01,1.000000000000000056e-01,5.000000000000000000e-01,9.999947348562557292e-02,1.992535454663110883e+01,0.000000000000000000e+00,1.992524963677526273e+01,2.099296150210037837e+01
9.000000000000000000e+01,7.422133190105364431e-01,3.116964446823232038e+02,4.999899588979871967e-01,3.578943453099749927e+00,3.966575276611972622e+00,5.439290086218065312e+00,2.222256099805106189e+00,1.708730764521063250e+01,1.000000000000000056e-01,5.000000000000000000e-01,9.999941452584318324e-02,1.990967679818315972e+01,0.000000000000000000e+00,1.990956023217080073e+01,2.097817984038005434e+01
9.500000000000000000e+01,7.369824907630384558e-01,3.117173735013595888e+02,4.999894429259179596e-01,3.574653095015034143e+00,3.962450422888818657e+00,5.442337514526929709e+00,2.222254664941385016e+00,1.707542097062176012e+01,1.000000000000000056e-01,5.000000000000000000e-01,9.999934995833809070e-02,1.989780107930999620e+01,0.000000000000000000e+00,1.989767173531317823e+01,2.096818789755842971e+01
1.000000000000000000e+02,7.318089612337161931e-01,3.117332402039406247e+02,4.999889283235889326e-01,3.570324708559978077e+00,3.958390626206193641e+00,5.446223400891423871e+00,2.222253090210288384e+00,1.706635857734757167e+01,1.000000000000000056e-01,5.000000000000000000e-01,9.999927909693390182e-02,1.988875072075322237e+01,0.000000000000000000e+00,1.988860734213946557e+01,2.096176051530459006e+01
1.050000000000000000e+02,7.266787180103960742e-01,3.117453928857038932e+02,4.999884150089963231e-01,3.565969243392429266e+00,3.954383813686842775e+00,5.450728830415599191e+00,2.222251359195564380e+00,1.705938591774547675e+01,1.000000000000000056e-01,5.000000000000000000e-01,9.999920120291486136e-02,1.988179129932790445e+01,0.000000000000000000e+00,1.988163248415852991e+01,2.095797893598120609e+01
1.100000000000000000e+02,7.215815109385571580e-01,3.117548233342902790e+02,4.999879029224664206e-01,3.561595470222465032e+00,3.950421146396311034e+00,5.455690168501512893e+00,2.222249454140548863e+00,1.705395434516626096e+01,1.000000000000000056e-01,5.000000000000000000e-01,9.999911547724796290e-02,1.987637430322329379e+01,0.000000000000000000e+00,1.987619849217029966e+01,2.095615839179112783e+01
1.150000000000000000e+02,7.165098445512002590e-01,3.117622605134366154e+02,4.999873920208647293e-01,3.557210332320416502e+00,3.946496144161926622e+00,5.460985712586725604e+00,2.222247355759806808e+00,1.704965606036225623e+01,1.000000000000000056e-01,5.000000000000000000e-01,9.999902105210692338e-02,1.987209207986143511e+01,0.000000000000000000e+00,1.987189754243470929e+01,2.095579083307777424e+01
1.200000000000000000e+02,7.114582376687267340e-01,3.117682398456111628e+02,4.999868822732643214e-01,3.552819268520383211e+00,3.942604046564494702e+00,5.466525288740577082e+00,2.222245043036729761e+00,1.704618901035612311e+01,1.000000000000000056e-01,5.000000000000000000e-01,9.999891698176431587e-02,1.986864273630746069e+01,0.000000000000000000e+00,1.986842755528344284e+01,2.095650062297053040e+01
1.250000000000000000e+02,7.064226805142399535e-01,3.117731544117471003e+02,4.999863736577237483e-01,3.548426495484457543e+00,3.938741347060888298e+00,5.472242280027769468e+00,2.222242493006818087e+00,1.704333001789431279e+01,1.000000000000000056e-01,5.000000000000000000e-01,9.999880223283946767e-02,1.986580327036591953e+01,0.000000000000000000e+00,1.986556532429817068e+01,2.095801077743689689e+01
1.300000000000000000e+02,7.014002373082770525e-01,3.117772927074462928e+02,4.999858661589016706e-01,3.544035246782459403e+00,3.934905453690415111e+00,5.478087589687134162e+00,2.222239680525333494e+00,1.704091446010128408e+01,1.000000000000000056e-01,5.000000000000000000e-01,9.999867567384303213e-02,1.986340925099405652e+01,0.000000000000000000e+00,1.986314619466967812e+01,2.096011751124824229e+01
1.350000000000000000e+02,6.963887557207905088e-01,3.117808664414731652e+02,4.999853597662956561e-01,3.539647971198059295e+00,3.931094442152120561e+00,5.484025107317730630e+00,2.222236578017341202e+00,1.703882103107318002e+01,1.000000000000000056e-01,5.000000000000000000e-01,9.999853606392911098e-02,1.986133958278841405e+01,0.000000000000000000e+00,1.986104882547409645e+01,2.096267118983008260e+01
1.400000000000000000e+02,6.913866546503378840e-01,3.117840309784799615e+02,4.999848544729461053e-01,3.535266494789375713e+00,3.927306876190545193e+00,5.490028324004257776e+00,2.222233155207761879e+00,1.703696038604103435e+01,1.000000000000000056e-01,5.000000000000000000e-01,9.999838204074790182e-02,1.985950515219431978e+01,0.000000000000000000e+00,1.985918383349328664e+01,2.096556215147797886e+01
1.450000000000000000e+02,6.863927693292022347e-01,3.117869003589086105e+02,4.999843502744832358e-01,3.530892151875231200e+00,3.923541676976264547e+00,5.496077816015187523e+00,2.222229378828759927e+00,1.703526671537002812e+01,1.000000000000000056e-01,5.000000000000000000e-01,9.999821210727838361e-02,1.985784040372571013e+01,0.000000000000000000e+00,1.985748536684246091e+01,2.096871019581175588e+01
1.500000000000000000e+02,6.814062383350925067e-01,3.117895583270508837e+02,4.999838471684280305e-01,3.526525890006038999e+00,3.919798028123553379e+00,5.502159379998326827e+00,2.222225212301540243e+00,1.703369151226999634e+01,1.000000000000000056e-01,5.000000000000000000e-01,9.999802461750947891e-02,1.985629711009297438e+01,0.000000000000000000e+00,1.985590487227659295e+01,2.097205681265254995e+01
1.550000000000000000e+02,6.764264212103180407e-01,3.117920664239249504e+02,4.999833451536794815e-01,3.522168353513015493e+00,3.916075306615703688e+00,5.508262654120695601e+00,2.222220615389418175e+00,1.703219897362141211e+01,1.000000000000000056e-01,5.000000000000000000e-01,9.999781776082861118e-02,1.985483977566680380e+01,0.000000000000000000e+00,1.985440649557580173e+01,2.097555944897653646e+01
1.600000000000000000e+02,6.714528384204769829e-01,3.117944699237552868e+02,4.999828442301395004e-01,3.517819949631437293e+00,3.912373032558216668e+00,5.514380100199669066e+00,2.222215543818796046e+00,1.703076261152934023e+01,1.000000000000000056e-01,5.000000000000000000e-01,9.999758954496591745e-02,1.985344225091611037e+01,0.000000000000000000e+00,1.985296369261793359e+01,2.097918728606754968e+01
1.650000000000000000e+02,6.664851276093696208e-01,3.117968021872349027e+02,4.999823443984383609e-01,3.513480900579125876e+00,3.908690832612028210e+00,5.520506253204325198e+00,2.222209948864413143e+00,1.702936275973592828e+01,1.000000000000000056e-01,5.000000000000000000e-01,9.999733777733092743e-02,1.985208524197792457e+01,0.000000000000000000e+00,1.985155673526432807e+01,2.098291813273138118e+01
1.700000000000000000e+02,6.615230117366381890e-01,3.117990878529768679e+02,4.999818456597342475e-01,3.509151284397703296e+00,3.905028413365692064e+00,5.526637168347001250e+00,2.222203776894977167e+00,1.702798473993980366e+01,1.000000000000000056e-01,5.000000000000000000e-01,9.999706004456641872e-02,1.985075448043713919e+01,0.000000000000000000e+00,1.985017087710218320e+01,2.098673614167979196e+01
1.750000000000000000e+02,6.565662758769231777e-01,3.118013451767378115e+02,4.999813480155667622e-01,3.504831066856255006e+00,3.901385541928780398e+00,5.532770013948372423e+00,2.222196968874948109e+00,1.702661751392668066e+01,1.000000000000000056e-01,5.000000000000000000e-01,9.999675369012911430e-02,1.984943937925229207e+01,0.000000000000000000e+00,1.984879500494240645e+01,2.099063013216759188e+01
1.800000000000000000e+02,6.516147503308598044e-01,3.118035877456945855e+02,4.999808514677505089e-01,3.500520126281516209e+00,3.897762031772823654e+00,5.538902771705240369e+00,2.222189459817899060e+00,1.702525269287415455e+01,1.000000000000000056e-01,5.000000000000000000e-01,9.999641578969152567e-02,1.984813204622504657e+01,0.000000000000000000e+00,1.984742064743020507e+01,2.099459235864203066e+01
1.850000000000000000e+02,6.466682983345667379e-01,3.118058257345658717e+02,4.999803560182972673e-01,3.496218272813739425e+00,3.894157732386633430e+00,5.545034016000556676e+00,2.222181178186485084e+00,1.702388380896781683e+01,1.000000000000000056e-01,5.000000000000000000e-01,9.999604312414106522e-02,1.984682656018807734e+01,0.000000000000000000e+00,1.984604124589915131e+01,2.099861760723876003e+01
1.900000000000000000e+02,6.417268071188284573e-01,3.118080668259217987e+02,4.999798616693602038e-01,3.491925263285985626e+00,3.890572521705563780e+00,5.551162751326147671e+00,2.222172045233594240e+00,1.702250577948140275e+01,1.000000000000000056e-01,5.000000000000000000e-01,9.999563214993242855e-02,1.984551844010519162e+01,0.000000000000000000e+00,1.984465161761459484e+01,2.100270253311240864e+01
1.950000000000000000e+02,6.367901814079519607e-01,3.118103168844057791e+02,4.999793684231931268e-01,3.487640812678894697e+00,3.887006300559336491e+00,5.557288292385812234e+00,2.222161974278772600e+00,1.702111451193955105e+01,1.000000000000000056e-01,5.000000000000000000e-01,9.999517896652752869e-02,1.984420425574700886e+01,0.000000000000000000e+00,1.984324756001749179e+01,2.100684517458538991e+01
2.000000000000000000e+02,6.318583386954300662e-01,3.118125804506403824e+02,4.999788762821213428e-01,3.483364602904236662e+00,3.883458988590083649e+00,5.563410175510030697e+00,2.222150869913474214e+00,1.701970661260082096e+01,1.000000000000000056e-01,5.000000000000000000e-01,9.999467928063236755e-02,1.984288134222876465e+01,0.000000000000000000e+00,1.984182555819809224e+01,2.101104459706176542e+01
2.050000000000000000e+02,6.269312058136109478e-01,3.118148611030337065e+02,4.999783852485212288e-01,3.479096289511271145e+00,3.879930521242493491e+00,5.569528093007880543e+00,2.222138627128070976e+00,1.701827917051236483e+01,1.000000000000000056e-01,5.000000000000000000e-01,9.999412836691337625e-02,1.984154759071515528e+01,0.000000000000000000e+00,1.984038256784192100e+01,2.101530063213054333e+01
2.100000000000000000e+02,6.220087164459046081e-01,3.118171617228140917e+02,4.999778953248056879e-01,3.474835506782747885e+00,3.876420847537022762e+00,5.575641844290508686e+00,2.222125130352918809e+00,1.701682959675757800e+01,1.000000000000000056e-01,5.000000000000000000e-01,9.999352102484630744e-02,1.984020129497192286e+01,0.000000000000000000e+00,1.983891585325957863e+01,2.101961368647068440e+01
2.150000000000000000e+02,6.170908093256772808e-01,3.118194846881825129e+02,4.999774065134144352e-01,3.470581871586594591e+00,3.872929928416267931e+00,5.581751299224122498e+00,2.222110252405037123e+00,1.701535550392380358e+01,1.000000000000000056e-01,5.000000000000000000e-01,9.999285153131780290e-02,1.983884103885532468e+01,0.000000000000000000e+00,1.983742286551674994e+01,2.102398460191441032e+01
2.200000000000000000e+02,6.121774269356974330e-01,3.118218320165443060e+02,4.999769188168074474e-01,3.466334986269652862e+00,3.869457735512058516e+00,5.587856370366077741e+00,2.222093853331177815e+00,1.701385461478995254e+01,1.000000000000000056e-01,5.000000000000000000e-01,9.999211358856455178e-02,1.983746561380919005e+01,0.000000000000000000e+00,1.983590114965251772e+01,2.102841455298575113e+01
2.250000000000000000e+02,6.072685145727515499e-01,3.118242054687103177e+02,4.999764322374611325e-01,3.462094440817171659e+00,3.866004250222522476e+00,5.593956991615222307e+00,2.222075779137182572e+00,1.701232469214361842e+01,1.000000000000000056e-01,5.000000000000000000e-01,9.999130026699566687e-02,1.983607395835569775e+01,0.000000000000000000e+00,1.983434827288277802e+01,2.103290497186869246e+01
2.300000000000000000e+02,6.023640196790324142e-01,3.118266066252373321e+02,4.999759467778665534e-01,3.457859814452640457e+00,3.862569463018638682e+00,5.600053101452591164e+00,2.222055860392594617e+00,1.701076348377208092e+01,1.000000000000000056e-01,5.000000000000000000e-01,9.999040394240146790e-02,1.983466511370787444e+01,0.000000000000000000e+00,1.983276176781908617e+01,2.103745749343115179e+01
2.350000000000000000e+02,5.974638913688209430e-01,3.118290369423539232e+02,4.999754624405288173e-01,3.453630676814181122e+00,3.859153372921773961e+00,5.606144629421067727e+00,2.222033910698450576e+00,1.700916867823308465e+01,1.000000000000000056e-01,5.000000000000000000e-01,9.998941622700557863e-02,1.983323819120117193e+01,0.000000000000000000e+00,1.983113908629357169e+01,2.104207391488917267e+01
2.400000000000000000e+02,5.925680800986314889e-01,3.118314977929194356e+02,4.999749792279679084e-01,3.449406588813827668e+00,3.855755987109665828e+00,5.612231484839371731e+00,2.222009725005055891e+00,1.700753786815584689e+01,1.000000000000000056e-01,5.000000000000000000e-01,9.998832789376639607e-02,1.983179234839443694e+01,0.000000000000000000e+00,1.982947756052350385e+01,2.104675616613386424e+01
2.450000000000000000e+02,5.876765374432215694e-01,3.118339904964055336e+02,4.999744971427204643e-01,3.445187103262910000e+00,3.852377320619870371e+00,5.618313546998026986e+00,2.221983077765329995e+00,1.700586851865487503e+01,1.000000000000000056e-01,5.000000000000000000e-01,9.998712879327947833e-02,1.983032677153200396e+01,0.000000000000000000e+00,1.982777436917988467e+01,2.105150628779273703e+01
2.500000000000000000e+02,5.827892159503769154e-01,3.118365163408095100e+02,4.999740161873423849e-01,3.440971765328759258e+00,3.849017396128190605e+00,5.624390656271279099e+00,2.221953720907980045e+00,1.700415793905339612e+01,1.000000000000000056e-01,5.000000000000000000e-01,9.998580776257219582e-02,1.982884066268284329e+01,0.000000000000000000e+00,1.982602650653681309e+01,2.105632641487455459e+01
2.550000000000000000e+02,5.779060690548715185e-01,3.118390765986348470e+02,4.999735363644118857e-01,3.436760112874339690e+00,3.845676243785645543e+00,5.630462605710720325e+00,2.221921381613324087e+00,1.700240325654951690e+01,1.000000000000000056e-01,5.000000000000000000e-01,9.998435252501786108e-02,1.982733323031979111e+01,0.000000000000000000e+00,1.982423075331294982e+01,2.106121876440238339e+01
2.600000000000000000e+02,5.730270510376319626e-01,3.118416725384871597e+02,4.999730576765334944e-01,3.432551676721731670e+00,3.842353901102069980e+00,5.636529132785716989e+00,2.221885759873017285e+00,1.700060139078631494e+01,1.000000000000000056e-01,5.000000000000000000e-01,9.998274958052583150e-02,1.982580368244183688e+01,0.000000000000000000e+00,1.982238364814248754e+01,2.106618562586076493e+01
2.650000000000000000e+02,5.681521170201428994e-01,3.118443054334208568e+02,4.999725801263426583e-01,3.428345980872557153e+00,3.839050412867669682e+00,5.642589911003377701e+00,2.221846525813281126e+00,1.699874902851334113e+01,1.000000000000000056e-01,5.000000000000000000e-01,9.998098408508926394e-02,1.982425122158115016e+01,0.000000000000000000e+00,1.982048145883716117e+01,2.107122935357701721e+01
2.700000000000000000e+02,5.632812229871044796e-01,3.118469765668578475e+02,4.999721037165110182e-01,3.424142542712355297e+00,3.835765831106197066e+00,5.648644541190656732e+00,2.221803316759379587e+00,1.699684259769518846e+01,1.000000000000000056e-01,5.000000000000000000e-01,9.997903971868939144e-02,1.982267504121863411e+01,0.000000000000000000e+00,1.981852015276670542e+01,2.107635236037902615e+01
2.750000000000000000e+02,5.584143258325504622e-01,3.118496872366727644e+02,4.999716284497519592e-01,3.419940873221528399e+00,3.832500215055215431e+00,5.654692542255437715e+00,2.221755734017179407e+00,1.699487824053987239e+01,1.000000000000000056e-01,5.000000000000000000e-01,9.997689854046876157e-02,1.982107432326331065e+01,0.000000000000000000e+00,1.981649536579986659e+01,2.108155711203063021e+01
2.800000000000000000e+02,5.535513834262314470e-01,3.118524387578743813e+02,4.999711543288272164e-01,3.415740477212277693e+00,3.829253631170136174e+00,5.660733341265639318e+00,2.221703339345499018e+00,1.699285178499945914e+01,1.000000000000000056e-01,5.000000000000000000e-01,9.997454082999031322e-02,1.981944823634637487e+01,0.000000000000000000e+00,1.981440236932490251e+01,2.108684612205837894e+01
2.850000000000000000e+02,5.486923546982743760e-01,3.118552324641873952e+02,4.999706813565542585e-01,3.411540853608705515e+00,3.826026153149692632e+00,5.666766262700425827e+00,2.221645651090739637e+00,1.699075871435164942e+01,1.000000000000000056e-01,5.000000000000000000e-01,9.997194491329940147e-02,1.981779593475383194e+01,0.000000000000000000e+00,1.981223603492218643e+01,2.109222194666719474e+01
2.900000000000000000e+02,5.438371997410372805e-01,3.118580697087491558e+02,4.999702095358137255e-01,3.407341495785815244e+00,3.822817861981204768e+00,5.672790516735549460e+00,2.221582139952880119e+00,1.698859413450513856e+01,1.000000000000000056e-01,5.000000000000000000e-01,9.996908697239764718e-02,1.981611655787365933e+01,0.000000000000000000e+00,1.980999079629240711e+01,2.109768717949929240e+01
2.950000000000000000e+02,5.389858799277572610e-01,3.118609518640683405e+02,4.999697388695587552e-01,3.403141891982250478e+00,3.819628846004480494e+00,5.678805186428248497e+00,2.221512224349400988e+00,1.698635273869222928e+01,1.000000000000000056e-01,5.000000000000000000e-01,9.996594083662385666e-02,1.981440923007306765e+01,0.000000000000000000e+00,1.980766060806137574e+01,2.110324444603069693e+01
3.000000000000000000e+02,5.341383580481280369e-01,3.118638803213420942e+02,4.999692693608240868e-01,3.398941525801341346e+00,3.816459200993633338e+00,5.684809213666797589e+00,2.221435265341001219e+00,1.698402876922123994e+01,1.000000000000000056e-01,5.000000000000000000e-01,9.996247775431611748e-02,1.981267306095061542e+01,0.000000000000000000e+00,1.980523890108814200e+01,2.110889639742597623e+01
3.050000000000000000e+02,5.292945984613782739e-01,3.118668564891900701e+02,4.999688010127371629e-01,3.394739876815006330e+00,3.813309030256356813e+00,5.690801383746831199e+00,2.221350561080162045e+00,1.698161597596298478e+01,1.000000000000000056e-01,5.000000000000000000e-01,9.995866614300251418e-02,1.981090714593076996e+01,0.000000000000000000e+00,1.980271853390116377e+01,2.111464570368885063e+01
3.100000000000000000e+02,5.244545672677659587e-01,3.118698817918343593e+02,4.999683338285293432e-01,3.390536421285481161e+00,3.810178444750430327e+00,5.696780308431447892e+00,2.221257340740670827e+00,1.697910757124071068e+01,1.000000000000000056e-01,5.000000000000000000e-01,9.995447131623531878e-02,1.980911056718552743e+01,0.000000000000000000e+00,1.980009173987879834e+01,2.112049504595537286e+01
3.150000000000000000e+02,5.196182324997028479e-01,3.118729576667327592e+02,4.999678678115490604e-01,3.386330633020571135e+00,3.807067563217414019e+00,5.702744407344535027e+00,2.221154757883146313e+00,1.697649618078295930e+01,1.000000000000000056e-01,5.000000000000000000e-01,9.994985518504605204e-02,1.980728239488070486e+01,0.000000000000000000e+00,1.979735006977638534e+01,2.112644710777879098e+01
3.200000000000000000e+02,5.147855643339951381e-01,3.118760855616533831e+02,4.999674029652753093e-01,3.382121984378985591e+00,3.803976512333609783e+00,5.708691887539237619e+00,2.221041883208481504e+00,1.697377379038730538e+01,1.000000000000000056e-01,5.000000000000000000e-01,9.994477593185724373e-02,1.980542168875629372e+01,0.000000000000000000e+00,1.979448432918693257e+01,2.113250456525535270e+01
3.250000000000000000e+02,5.099565353269140955e-01,3.118792669311654322e+02,4.999669392933337453e-01,3.377909947443507033e+00,3.800905426878469662e+00,5.714620721073451648e+00,2.220917696647937589e+00,1.697093168792714835e+01,1.000000000000000056e-01,5.000000000000000000e-01,9.993918765454418152e-02,1.980352750005812723e+01,0.000000000000000000e+00,1.979148451050235025e+01,2.113867007583426272e+01
3.300000000000000000e+02,5.051311206740577431e-01,3.118825032325071902e+02,4.999664767995130044e-01,3.373693995381096933e+00,3.797854449920738062e+00,5.720528620414615517e+00,2.220781078735428959e+00,1.696796040031870234e+01,1.000000000000000056e-01,5.000000000000000000e-01,9.993303997819590057e-02,1.980159887384679962e+01,0.000000000000000000e+00,1.978833971892331078e+01,2.114494626564868085e+01
3.350000000000000000e+02,5.003092984971735380e-01,3.118857959207811632e+02,4.999660154877834106e-01,3.369473604010476020e+00,3.794823733022625767e+00,5.726413011485698590e+00,2.220630801204414695e+00,1.696484962504919736e+01,1.000000000000000056e-01,5.000000000000000000e-01,9.992627763198425050e-02,1.979963485171667870e+01,0.000000000000000000e+00,1.978503809204552155e+01,2.115133571519514888e+01
3.400000000000000000e+02,4.954910501603290163e-01,3.118891464434181557e+02,4.999655553623171267e-01,3.365248253599513628e+00,3.791813436462419418e+00,5.732271004153091098e+00,2.220465516748836965e+00,1.696158815585058832e+01,1.000000000000000056e-01,5.000000000000000000e-01,9.991883998841588621e-02,1.979763447496318562e+01,0.000000000000000000e+00,1.978156671252992282e+01,2.115784094317599084e+01
3.450000000000000000e+02,4.906763606180468695e-01,3.118925562338406507e+02,4.999650964275104692e-01,3.361017430916393600e+00,3.788823729475877311e+00,5.738099359947588241e+00,2.220283747884786774e+00,1.695816380209034691e+01,1.000000000000000056e-01,5.000000000000000000e-01,9.991066056211769797e-02,1.979559678824390900e+01,0.000000000000000000e+00,1.977791151334784203e+01,2.116446438830851307e+01
3.500000000000000000e+02,4.858652187982282489e-01,3.118960267042489818e+02,4.999646386880078897e-01,3.356780631560597250e+00,3.785854790516855140e+00,5.743894456798908976e+00,2.220083874847206040e+00,1.695456330143828438e+01,1.000000000000000056e-01,5.000000000000000000e-01,9.990166646520000360e-02,1.979352084378376020e+01,0.000000000000000000e+00,1.977405717507669181e+01,2.117120838888891043e+01
3.550000000000000000e+02,4.810576180229407250e-01,3.118995592374413377e+02,4.999641821487286197e-01,3.352537362601590853e+00,3.782906807537537386e+00,5.749652250556779975e+00,2.219864122454055622e+00,1.695077222536304262e+01,1.000000000000000056e-01,5.000000000000000000e-01,9.989177781615651841e-02,1.979140570618259432e+01,0.000000000000000000e+00,1.976998701471404019e+01,2.117807515988783251e+01
3.600000000000000000e+02,4.762535564703138657e-01,3.119031551775772186e+02,4.999637268148954261e-01,3.348287145555297606e+00,3.779979978288628750e+00,5.755368233062731598e+00,2.219622545869238905e+00,1.694677487700583285e+01,1.000000000000000056e-01,5.000000000000000000e-01,9.988090709920947885e-02,1.978925045788533055e+01,0.000000000000000000e+00,1.976568286547033182e+01,2.118506676733396432e+01
3.650000000000000000e+02,4.714530376810892598e-01,3.119068158197762273e+02,4.999632726920663073e-01,3.344029519730386202e+00,3.777074510639855998e+00,5.761037386534065163e+00,2.219357015195340566e+00,1.694255418098946819e+01,1.000000000000000056e-01,5.000000000000000000e-01,9.986895847099744317e-02,1.978705420538609872e+01,0.000000000000000000e+00,1.976112494701079569e+01,2.119218509973478959e+01
3.700000000000000000e+02,4.666560711135296913e-01,3.119105423984428853e+02,4.999628197861686330e-01,3.339764045978522944e+00,3.774190622921001825e+00,5.766654134018283528e+00,2.219065198828255259e+00,1.693809156473110988e+01,1.000000000000000056e-01,5.000000000000000000e-01,9.985582701154947782e-02,1.978481608623963695e+01,0.000000000000000000e+00,1.975629172562866387e+01,2.119943183626421757e+01
3.750000000000000000e+02,4.618626727506359719e-01,3.119143360741974789e+02,4.999623681035366696e-01,3.335490310884667409e+00,3.771328544283618633e+00,5.772212285679485078e+00,2.218744545508347432e+00,1.693336683085493988e+01,1.000000000000000056e-01,5.000000000000000000e-01,9.984139791660433250e-02,1.978253527696065817e+01,0.000000000000000000e+00,1.975115976386291550e+01,2.120680841143654760e+01
3.800000000000000000e+02,4.570728657638182257e-01,3.119181979192852054e+02,4.999619176509522145e-01,3.331207931435262726e+00,3.768488515083444845e+00,5.777704980685948399e+00,2.218392265007322894e+00,1.692835802034196035e+01,1.000000000000000056e-01,5.000000000000000000e-01,9.982554562853795943e-02,1.978021100189774018e+01,0.000000000000000000e+00,1.974570355912051411e+01,2.121431597597571184e+01
3.850000000000000000e+02,4.522866812373674827e-01,3.119221289013270280e+02,4.999614684356889494e-01,3.326916560203644124e+00,3.765670787283346588e+00,5.783124624483417797e+00,2.218005307396968551e+00,1.692304126611451665e+01,1.000000000000000056e-01,5.000000000000000000e-01,9.980813290347664846e-02,1.977784254317489854e+01,0.000000000000000000e+00,1.973989537093234858e+01,2.122195535358347840e+01
3.900000000000000000e+02,4.475041589582017254e-01,3.119261298652737651e+02,4.999610204655599022e-01,3.322615891093187557e+00,3.762875624876421021e+00,5.788462821260602631e+00,2.217580340855932253e+00,1.691739063683180788e+01,1.000000000000000056e-01,5.000000000000000000e-01,9.978900981262298076e-02,1.977542925179645650e+01,0.000000000000000000e+00,1.973370503656348163e+01,2.122972699330399848e+01
3.950000000000000000e+02,4.427253482755105218e-01,3.119302015134149428e+02,4.999605737489700164e-01,3.318305665679186056e+00,3.760103304328610285e+00,5.793710301448556699e+00,2.217113727984366012e+00,1.691137797078440741e+01,1.000000000000000056e-01,5.000000000000000000e-01,9.976801267643738147e-02,1.977297056001841113e+01,0.000000000000000000e+00,1.972709977482739774e+01,2.123763091718988250e+01
4.000000000000000000e+02,4.379503090349700645e-01,3.119343443832948992e+02,4.999601282949717729e-01,3.313985680190377980e+00,3.757354115039860165e+00,5.798856844140984457e+00,2.216601500614387099e+00,1.690497269991394802e+01,1.000000000000000056e-01,5.000000000000000000e-01,9.974496293113283008e-02,1.977046599509039382e+01,0.000000000000000000e+00,1.972004397811513599e+01,2.124566666298272111e+01
4.050000000000000000e+02,4.331791125922222485e-01,3.119385588233841418e+02,4.999596841133259195e-01,3.309655793169844706e+00,3.754628359822446804e+00,5.803891194385718322e+00,2.216039333127741706e+00,1.689814166416569208e+01,1.000000000000000056e-01,5.000000000000000000e-01,9.971966592799492990e-02,1.976791519447658985e+01,0.000000000000000000e+00,1.971249899286140561e+01,2.125383322154527477e+01
4.100000000000000000e+02,4.284118429102012904e-01,3.119428449663599849e+02,4.999592412145670295e-01,3.305315933852785548e+00,3.751926355394657797e+00,5.808800975377649500e+00,2.215422514321789826e+00,1.689084891660424148e+01,1.000000000000000056e-01,5.000000000000000000e-01,9.969190966737800919e-02,1.976531792266202459e+01,0.000000000000000000e+00,1.970442288893030280e+01,2.126212896881345671e+01
4.150000000000000000e+02,4.236485977447245754e-01,3.119472026998552110e+02,4.999587996100733900e-01,3.300966111294753702e+00,3.749248432887407834e+00,5.813572595686913758e+00,2.214745917902141148e+00,1.688305552000170451e+01,1.000000000000000056e-01,5.000000000000000000e-01,9.966146347090179547e-02,1.976267408964934802e+01,0.000000000000000000e+00,1.969577021872925826e+01,2.127055159208694946e+01
4.200000000000000000e+02,4.188894899224294699e-01,3.119516316345439009e+02,4.999583593121422753e-01,3.296606424278182956e+00,3.746594938360757521e+00,5.818191151785685911e+00,2.214003971726097753e+00,1.687471933594736484e+01,1.000000000000000056e-01,5.000000000000000000e-01,9.962807659743544431e-02,1.975998377124630423e+01,0.000000000000000000e+00,1.968649176725807948e+01,2.127909801054643779e+01
4.250000000000000000e+02,4.141346487146380095e-01,3.119561310694558074e+02,4.999579203340706046e-01,3.292237072017067945e+00,3.743966233326489146e+00,5.822640326295941193e+00,2.213190625976928949e+00,1.686579480793592367e+01,1.000000000000000056e-01,5.000000000000000000e-01,9.959147681097019200e-02,1.975724723123220983e+01,0.000000000000000000e+00,1.967653429477867277e+01,2.128776428997369408e+01
4.300000000000000000e+02,4.093842213100606919e-01,3.119606999544323003e+02,4.999574826902407620e-01,3.287858365668669514e+00,3.741362695272048455e+00,5.826902282576368108e+00,2.212299320516299517e+00,1.685623274038373154e+01,1.000000000000000056e-01,5.000000000000000000e-01,9.955136891150961898e-02,1.975446494547944809e+01,0.000000000000000000e+00,1.966584027436909210e+01,2.129654555177274133e+01
4.350000000000000000e+02,4.046383743883071871e-01,3.119653368496760208e+02,4.999570463962117461e-01,3.283470740646996067e+00,3.738784718180089950e+00,5.830957556501152439e+00,2.211322951742337839e+00,1.684598007610047432e+01,1.000000000000000056e-01,5.000000000000000000e-01,9.950743324371413845e-02,1.975163762808308476e+01,0.000000000000000000e+00,1.965434762730509988e+01,2.130543587653872351e+01
4.400000000000000000e+02,3.998972957949690210e-01,3.119700398823927685e+02,4.999566114688155372e-01,3.279074769714603654e+00,3.736232713036726771e+00,5.834784946563513763e+00,2.210253839375371676e+00,1.683497967542314910e+01,1.000000000000000056e-01,5.000000000000000000e-01,9.945932420229074145e-02,1.974876625952368414e+01,0.000000000000000000e+00,1.964198946001226531e+01,2.131442820261056070e+01
4.450000000000000000e+02,3.951611963174889719e-01,3.119748067005861571e+02,4.999561779262590155e-01,3.274671176806500217e+00,3.733707108320226009e+00,5.838361403766867852e+00,2.209083693703572937e+00,1.682317010100502941e+01,1.000000000000000056e-01,5.000000000000000000e-01,9.940666875807795122e-02,1.974585211685007025e+01,0.000000000000000000e+00,1.962869380725707202e+01,2.132351422027430132e+01
4.500000000000000000e+02,3.904303115591269413e-01,3.119796344241411248e+02,4.999557457882305433e-01,3.270260851511892053e+00,3.731208350460433643e+00,5.841661923150955005e+00,2.207803583947800519e+00,1.681048541315378841e+01,1.000000000000000056e-01,5.000000000000000000e-01,9.934906503449392190e-02,1.974289680582142736e+01,0.000000000000000000e+00,1.961438338730855335e+01,2.133268426256583794e+01
4.550000000000000000e+02,3.857049039059373685e-01,3.119845195934320259e+02,4.999553150760109310e-01,3.265844864105545309e+00,3.728736904257533791e+00,5.844659439241269183e+00,2.206403908549598558e+00,1.679685498162880464e+01,1.000000000000000056e-01,5.000000000000000000e-01,9.928608097052456227e-02,1.973990229488459391e+01,0.000000000000000000e+00,1.959897537600155459e+01,2.134192719395256432e+01
4.600000000000000000e+02,3.809852645788488479e-01,3.119894581158041547e+02,4.999548858125889006e-01,3.261424480979847829e+00,3.726293253246927506e+00,5.847324728211939160e+00,2.204874368348761493e+00,1.678220332094580058e+01,1.000000000000000056e-01,5.000000000000000000e-01,9.921725311373935652e-02,1.973687095078958720e+01,0.000000000000000000e+00,1.958238120797700077e+01,2.135123029856897858e+01
4.650000000000000000e+02,3.762717157595004136e-01,3.119944452104225547e+02,4.999544580227788804e-01,3.257001180280977959e+00,3.723877899995060581e+00,5.849626320111262601e+00,2.203203943796563369e+00,1.676644995748017308e+01,1.000000000000000056e-01,5.000000000000000000e-01,9.914208559490836348e-02,1.973380557555162440e+01,0.000000000000000000e+00,1.956450641484618913e+01,2.136057917013064511e+01
4.700000000000000000e+02,3.715646127745121374e-01,3.119994753521440884e+02,4.999540317333417416e-01,3.252576667497081520e+00,3.721491366308905313e+00,5.851530425114853884e+00,2.201380877545916270e+00,1.674950933800581510e+01,1.000000000000000056e-01,5.000000000000000000e-01,9.906004934457586508e-02,1.973070944436129537e+01,0.000000000000000000e+00,1.954525051161919080e+01,2.136995760617007889e+01
4.750000000000000000e+02,3.668643463182015840e-01,3.120045422152654737e+02,4.999536069731060905e-01,3.248152890683291272e+00,3.719134193339591832e+00,5.853000878432864873e+00,2.199392663967229655e+00,1.673129079071727432e+01,1.000000000000000056e-01,5.000000000000000000e-01,9.897058162128401226e-02,1.972758634391352217e+01,0.000000000000000000e+00,1.952450694441220946e+01,2.137934750981024834e+01
4.800000000000000000e+02,3.621713446884600729e-01,3.120096386182219135e+02,4.999531837730883388e-01,3.243732054937724207e+00,3.716806941558413957e+00,5.853999109192622008e+00,2.197226047353504352e+00,1.671169855122904124e+01,1.000000000000000056e-01,5.000000000000000000e-01,9.887308593080373909e-02,1.972444061047709951e+01,0.000000000000000000e+00,1.950216311416737369e+01,2.138872880291931722e+01
4.850000000000000000e+02,3.574860760045284747e-01,3.120147564705585523e+02,4.999527621666108312e-01,3.239316635664909239e+00,3.714510190581163052e+00,5.854484139326415537e+00,2.194867030792933438e+00,1.669063186747063909e+01,1.000000000000000056e-01,5.000000000000000000e-01,9.876693242539338891e-02,1.972127716685876919e+01,0.000000000000000000e+00,1.947810049281593692e+01,2.139807935516083504e+01
4.900000000000000000e+02,3.528090503687936752e-01,3.120198867237739364e+02,4.999523421894143671e-01,3.234909390080014990e+00,3.712244538814581496e+00,5.854412619184219402e+00,2.192300897891828360e+00,1.666798519872249784e+01,1.000000000000000056e-01,5.000000000000000000e-01,9.865145888130971707e-02,1.971810155722649327e+01,0.000000000000000000e+00,1.945219484990218461e+01,2.140737493414130554e+01
4.950000000000000000e+02,3.481408219275395344e-01,3.120250193279314317e+02,4.999519238797631160e-01,3.230513366320649116e+00,3.710010602896737453e+00,5.853738907225471522e+00,2.189512249711894842e+00,1.664364852517401872e+01,1.000000000000000056e-01,5.000000000000000000e-01,9.852597236095035627e-02,1.971491997855199330e+01,0.000000000000000000e+00,1.942431660905161550e+01,2.141658918253947519e+01
5.000000000000000000e+02,3.434819907779514403e-01,3.120301431962451488e+02,4.999515072785384318e-01,3.226131909446121160e+00,3.707809016901487453e+00,5.852415201671759881e+00,2.186485059426946709e+00,1.661750778521049909e+01,1.000000000000000056e-01,5.000000000000000000e-01,9.838975167235390618e-02,1.971173930721597500e+01,0.000000000000000000e+00,1.939433135467157143e+01,2.142569362873781813e+01
5.050000000000000000e+02,3.388332046607705483e-01,3.120352461801594472e+02,4.999510924293180669e-01,3.221768663521294762e+00,3.705640431276064906e+00,5.850391732360802344e+00,2.183202747284770151e+00,1.658944545800853021e+01,1.000000000000000056e-01,5.000000000000000000e-01,9.824205074241271207e-02,1.970856711909907588e+01,0.000000000000000000e+00,1.936210050974777985e+01,2.143465773801773011e+01
5.100000000000000000e+02,3.341951603700610840e-01,3.120403150577484439e+02,4.999506793784365688e-01,3.217427568908971303e+00,3.703505511480364554e+00,5.847617021156144901e+00,2.179648278456133514e+00,1.655934130876811849e+01,1.000000000000000056e-01,5.000000000000000000e-01,9.808210301998539216e-02,1.970541170126211838e+01,0.000000000000000000e+00,1.932748220534416816e+01,2.144344901175826124e+01
5.150000000000000000e+02,3.295686048039935256e-01,3.120453355385287750e+02,4.999502681750228050e-01,3.213112853838160810e+00,3.701404936296965875e+00,5.844038219055271988e+00,2.175804286238057994e+00,1.652707331285991543e+01,1.000000000000000056e-01,5.000000000000000000e-01,9.790912701992710021e-02,1.970228205312406189e+01,0.000000000000000000e+00,1.929033236121753703e+01,2.145203314223212132e+01
5.200000000000000000e+02,3.249543355737012362e-01,3.120502922880012306e+02,4.999498588710086233e-01,3.208829019283962136e+00,3.699339395782505591e+00,5.839601527504180822e+00,2.171653222823485940e+00,1.649251877310852166e+01,1.000000000000000056e-01,5.000000000000000000e-01,9.772233310758132729e-02,1.969918787487897305e+01,0.000000000000000000e+00,1.925050599457749811e+01,2.146037423042302095e+01
5.250000000000000000e+02,3.203532010817519704e-01,3.120551689753664277e+02,4.999494515211052037e-01,3.204580816197434956e+00,3.697309588834007066e+00,5.834252710278636123e+00,2.167177539425281019e+00,1.645555564118583192e+01,1.000000000000000056e-01,5.000000000000000000e-01,9.752093160418898177e-02,1.969613954078673146e+01,0.000000000000000000e+00,1.920785877023624977e+01,2.146843507372087956e+01
5.300000000000000000e+02,3.157660999781440880e-01,3.120599483478767979e+02,4.999490461827398313e-01,3.200373214171039482e+00,3.695316220348308534e+00,5.827937700537749066e+00,2.162359896921957958e+00,1.641606404946737996e+01,1.000000000000000056e-01,5.000000000000000000e-01,9.730414226574624070e-02,1.969314805494099119e+01,0.000000000000000000e+00,1.916224879998381780e+01,2.147617752928551127e+01
5.350000000000000000e+02,3.111939799006667728e-01,3.120646123351509686e+02,4.999486429159493706e-01,3.196211360727482909e+00,3.693359997959160701e+00,5.820603305218492451e+00,2.157183407353772342e+00,1.637392805357706393e+01,1.000000000000000056e-01,5.000000000000000000e-01,9.707120515009917683e-02,1.969022498719014536e+01,0.000000000000000000e+00,1.911353869183143317e+01,2.148356295722586395e+01
5.400000000000000000e+02,3.066378354087346825e-01,3.120691421864468680e+02,4.999482417832241676e-01,3.192100530586410301e+00,3.691441628344896753e+00,5.812198005772896359e+00,2.151631905528288868e+00,1.632903757814847268e+01,1.000000000000000056e-01,5.000000000000000000e-01,9.682139283893656523e-02,1.968738238709244470e+01,0.000000000000000000e+00,1.906159784071038032e+01,2.149055274546255845e+01
5.450000000000000000e+02,3.020987050260581230e-01,3.120735186433353192e+02,4.999478428492978854e-01,3.188046064502407795e+00,3.689561813109996091e+00,5.802672850342506905e+00,2.145690248695242719e+00,1.628129054909273421e+01,1.000000000000000056e-01,5.000000000000000000e-01,9.655402392287411317e-02,1.968463267414641749e+01,0.000000000000000000e+00,1.900630494132522585e+01,2.149710891519064759e+01
5.500000000000000000e+02,2.975776673184399312e-01,3.120777221494122387e+02,4.999474461808792181e-01,3.184053297583693265e+00,3.687721244256281672e+00,5.791982427864800442e+00,2.139344640740879822e+00,1.623059518504510024e+01,1.000000000000000056e-01,5.000000000000000000e-01,9.626847758989184878e-02,1.968198850307238956e+01,0.000000000000000000e+00,1.894755069132533265e+01,2.150319480225098800e+01
5.550000000000000000e+02,2.930758359491416609e-01,3.120817330976020116e+02,4.999470518463224877e-01,3.180127477392949764e+00,3.685920599273722065e+00,5.780085909435261904e+00,2.132582975674065295e+00,1.617687240899445555e+01,1.000000000000000056e-01,5.000000000000000000e-01,9.596420908188298127e-02,1.967946260365225442e+01,0.000000000000000000e+00,1.888524063915982154e+01,2.150877580554208279e+01
5.600000000000000000e+02,2.885943536758757144e-01,3.120855321142527146e+02,4.999466599152346258e-01,3.176273672593957098e+00,3.684160535896540800e+00,5.766948136701877559e+00,2.125395193398265992e+00,1.612005832887040668e+01,1.000000000000000056e-01,5.000000000000000000e-01,9.564076570405527500e-02,1.967706759555465013e+01,0.000000000000000000e+00,1.881929811649300532e+01,2.151382018899414561e+01
5.650000000000000000e+02,2.841343852805985337e-01,3.120891003776185357e+02,4.999462704580190930e-01,3.172496673425528435e+00,3.682441686586999552e+00,5.752540731434606869e+00,2.117773638979985051e+00,1.606010672375679249e+01,1.000000000000000056e-01,5.000000000000000000e-01,9.529780299166952517e-02,1.967481577967311779e+01,0.000000000000000000e+00,1.874966718068679583e+01,2.151829991882059545e+01
5.700000000000000000e+02,2.796971094555411042e-01,3.120924199665033711e+02,4.999458835453577943e-01,3.168800885834953007e+00,3.680764652826078898e+00,5.736843195061946510e+00,2.109713414956086552e+00,1.599699146127464466e+01,1.000000000000000056e-01,5.000000000000000000e-01,9.493510056353460236e-02,1.967271890875910501e+01,0.000000000000000000e+00,1.867631547961194016e+01,2.152219151307422607e+01
5.750000000000000000e+02,2.752837097054048887e-01,3.120954742328938778e+02,4.999454992476352611e-01,3.165190221656409619e+00,3.679129999306460341e+00,5.719843962332329390e+00,2.101212714810124726e+00,1.593070876249642609e+01,1.000000000000000056e-01,5.000000000000000000e-01,9.455257712812564774e-02,1.967078794147723997e+01,0.000000000000000000e+00,1.859923694007530770e+01,2.152547687632641527e+01
5.800000000000000000e+02,2.708953643651389465e-01,3.120982481904306951e+02,4.999451176343109871e-01,3.161667987736766605e+00,3.677538248137584453e+00,5.701541369819826954e+00,2.092273124742961787e+00,1.586127922456307715e+01,1.000000000000000056e-01,5.000000000000000000e-01,9.415030406297543453e-02,1.966903278538244138e+01,0.000000000000000000e+00,1.851845417368389590e+01,2.152814408898824539e+01
5.850000000000000000e+02,2.665332358733674134e-01,3.121007289086872447e+02,4.999447387732489645e-01,3.158236777348966573e+00,3.675989873184095647e+00,5.681944498222867956e+00,2.082899880414308402e+00,1.578874950897227869e+01,1.000000000000000056e-01,5.000000000000000000e-01,9.372851696779985198e-02,1.966746203562181705e+01,0.000000000000000000e+00,1.843402049119338670e+01,2.153018811882112615e+01
5.900000000000000000e+02,2.621984594811490599e-01,3.121029059016020710e+02,4.999443627300151904e-01,3.154898367546877136e+00,3.674485294666401725e+00,5.661073847720138552e+00,2.073102065569061292e+00,1.571319360613733807e+01,1.000000000000000056e-01,5.000000000000000000e-01,9.328762460249451216e-02,1.966608271728981094e+01,0.000000000000000000e+00,1.834602141932136732e+01,2.153161142191794042e+01
5.950000000000000000e+02,2.578921316119017204e-01,3.121047714971892901e+02,4.999439895671559664e-01,3.151653626262997054e+00,3.673024874154533936e+00,5.638961808359686856e+00,2.062892740477987985e+00,1.563471359486420376e+01,1.000000000000000056e-01,5.000000000000000000e-01,9.282821466684357259e-02,1.966490004020667115e+01,0.000000000000000000e+00,1.825457562334325701e+01,2.153242440216977727e+01
6.000000000000000000e+02,2.536152981183938393e-01,3.121063211749886364e+02,4.999436193434730891e-01,3.148502432897863912e+00,3.671608910082979627e+00,5.615652892705768728e+00,2.052288989954526688e+00,1.555343982904528843e+01,1.000000000000000056e-01,5.000000000000000000e-01,9.235105596123030502e-02,1.966391717533889505e+01,0.000000000000000000e+00,1.815983515476720100e+01,2.153264570210328088e+01
6.050000000000000000e+02,2.493689427042520002e-01,3.121075538577404132e+02,4.999432521133111984e-01,3.145443615876717836e+00,3.670237633904383401e+00,5.591203705683420289e+00,2.041311883328543519e+00,1.546953050283696030e+01,1.000000000000000056e-01,5.000000000000000000e-01,9.185709658549391643e-02,1.966313506204464545e+01,0.000000000000000000e+00,1.806198496567846945e+01,2.153230230392977518e+01
6.100000000000000000e+02,2.451539757884305670e-01,3.121084721445468517e+02,4.999428879258752123e-01,3.142474910150636180e+00,3.668911206983771933e+00,5.565682636445367315e+00,2.029986342059374227e+00,1.538317056908748981e+01,1.000000000000000056e-01,5.000000000000000000e-01,9.134745798164239927e-02,1.966255225476147928e+01,0.000000000000000000e+00,1.796124165903671965e+01,2.153142942745131450e+01
6.150000000000000000e+02,2.409712240899723468e-01,3.121090824743645271e+02,4.999425268245945575e-01,3.139592936912825927e+00,3.667629718312685583e+00,5.539169268598575613e+00,2.018340914476554726e+00,1.529457001250614390e+01,1.000000000000000056e-01,5.000000000000000000e-01,9.082342479739906327e-02,1.966216481662393534e+01,0.000000000000000000e+00,1.785785147576709520e+01,2.153007022063459885e+01
6.200000000000000000e+02,2.368214211965699034e-01,3.121093952109947054e+02,4.999421688465505165e-01,3.136793206921587807e+00,3.666393183095185915e+00,5.511753517545924907e+00,2.006407461207894816e+00,1.520396150733465568e+01,1.000000000000000056e-01,5.000000000000000000e-01,9.028643073076464409e-02,1.966196626585461971e+01,0.000000000000000000e+00,1.775208755292714002e+01,2.152827524858313524e+01
6.250000000000000000e+02,2.327051993541341679e-01,3.121094246437023685e+02,4.999418140219822337e-01,3.134070147823869501e+00,3.665201542226391940e+00,5.483534516156077565e+00,1.994220758910410618e+00,1.511159751713910282e+01,1.000000000000000056e-01,5.000000000000000000e-01,8.973804069828546226e-02,1.966194757868871079e+01,0.000000000000000000e+00,1.764424652023922846e+01,2.152610179655572509e+01
6.300000000000000000e+02,2.286230826769316826e-01,3.121091889010386353e+02,4.999414623738825947e-01,3.131417154824986948e+00,3.664054662650601202e+00,5.454619281557921973e+00,1.981818033665728729e+00,1.501774691975855447e+01,1.000000000000000056e-01,5.000000000000000000e-01,8.917992983828969267e-02,1.966209725018808996e+01,0.000000000000000000e+00,1.753464453245402410e+01,2.152361301180459563e+01
6.350000000000000000e+02,2.245754819310311068e-01,3.121087097791150882e+02,4.999411139176955232e-01,3.128826663023918986e+00,3.662952338552006637e+00,5.425121205712910566e+00,1.969238438561597304e+00,1.492269126157749248e+01,1.000000000000000056e-01,5.000000000000000000e-01,8.861386000255129514e-02,1.966240141175743261e+01,0.000000000000000000e+00,1.742361286015439958e+01,2.152087691664449309e+01
6.400000000000000000e+02,2.205626909904666866e-01,3.121080124892598064e+02,4.999407686611200274e-01,3.126290238802878374e+00,3.661894293298246339e+00,5.395158419824168661e+00,1.956522492325698526e+00,1.482672076059467514e+01,1.000000000000000056e-01,5.000000000000000000e-01,8.804165449534467891e-02,1.966284400165130108e+01,0.000000000000000000e+00,1.731149317989244452e+01,2.151796533070342932e+01
6.450000000000000000e+02,2.165848850089170108e-01,3.121071253334060884e+02,4.999404266040240463e-01,3.123798686888016096e+00,3.660880182027316909e+00,5.364852087104085676e+00,1.943711497249915876e+00,1.473013018624437898e+01,1.000000000000000056e-01,5.000000000000000000e-01,8.746517188058931802e-02,1.966340698244787433e+01,0.000000000000000000e+00,1.719863271477783329e+01,2.151495274338384434e+01
6.500000000000000000e+02,2.126421202931777221e-01,3.121060793184907993e+02,4.999400877384686526e-01,3.121342169133398237e+00,3.659909594742988492e+00,5.334324679715066075e+00,1.930846954972624152e+00,1.463321474518803278e+01,1.000000000000000056e-01,5.000000000000000000e-01,8.688627969260748207e-02,1.966407059752378217e+01,0.000000000000000000e+00,1.708537937831630416e+01,2.151191517804525688e+01
6.550000000000000000e+02,2.087343358114074621e-01,3.121049077233967068e+02,4.999397520488375046e-01,3.118910330752005411e+00,3.658982059763841832e+00,5.303698293873511993e+00,1.917969997994645182e+00,1.453626609655211688e+01,1.000000000000000056e-01,5.000000000000000000e-01,8.630682885488212552e-02,1.966481365711306140e+01,0.000000000000000000e+00,1.697207706767605728e+01,2.150892908740688725e+01
6.600000000000000000e+02,2.048613562218603301e-01,3.121036456334245486e+02,4.999394195120654416e-01,3.116492429632367944e+00,3.658097047356803078e+00,5.273093052483167398e+00,1.905120853197034281e+00,1.443956860814404131e+01,1.000000000000000056e-01,5.000000000000000000e-01,8.572862953886649373e-02,1.966561384365877885e+01,0.000000000000000000e+00,1.685906123857427730e+01,2.150607031550108772e+01
6.650000000000000000e+02,2.010228962686629040e-01,3.121023294578863556e+02,4.999390900979561736e-01,3.114077464524714678e+00,3.657253973377622813e+00,5.242625637761996416e+00,1.892338351278985753e+00,1.434339594826510300e+01,1.000000000000000056e-01,5.000000000000000000e-01,8.515342908915575493e-02,1.966644802588660923e+01,0.000000000000000000e+00,1.674665487407902376e+01,2.150341315566744171e+01
6.700000000000000000e+02,1.972185663615682594e-01,3.121009964461779305e+02,4.999387637695777986e-01,3.111654298225283277e+00,3.656452202737614510e+00,5.212407987811269017e+00,1.879659493159924422e+00,1.424800808739451163e+01,1.000000000000000056e-01,5.000000000000000000e-01,8.458289251199277436e-02,1.966729257132905673e+01,0.000000000000000000e+00,1.663516493562639553e+01,2.150102952716244076e+01
6.750000000000000000e+02,1.934478791370999595e-01,3.120996842167032810e+02,4.999384404837231011e-01,3.109211772388659423e+00,3.655691052517304751e+00,5.182546181665382612e+00,1.867119081228029831e+00,1.415364876187605248e+01,1.000000000000000056e-01,5.000000000000000000e-01,8.401858588180180498e-02,1.966812364783461575e+01,0.000000000000000000e+00,1.652487935839489452e+01,2.149898828557654440e+01
